,Total_return,Sharpe_ratio,Net_profit
0,866479.077965796,-0.019363733345304796,-1100.739501953125
